{"cameraMode":{"drawMode":0,"name":"Shaded","section":"Shading Mode"},"sceneLighting":true,"audioPlay":false,"sceneViewState":{"showFog":true,"showMaterialUpdate":false,"showSkybox":true,"showFlares":true,"showImageEffects":true,"showParticleSystems":true},"in2DMode":false,"pivot":{"x":-0.1060638427734375,"y":2.452559471130371,"z":-0.9454507827758789},"rotation":{"x":0.037867654114961627,"y":-0.9410656094551086,"z":0.11265053600072861,"w":0.3166791498661041},"size":10.439305305480957,"orthographic":false}