{"cameraMode":{"drawMode":0,"name":"Shaded","section":"Shading Mode"},"sceneLighting":true,"audioPlay":false,"sceneViewState":{"showFog":true,"showMaterialUpdate":false,"showSkybox":true,"showFlares":true,"showImageEffects":true,"showParticleSystems":true},"in2DMode":false,"pivot":{"x":-117.84656524658203,"y":0.75775146484375,"z":100.81827545166016},"rotation":{"x":-0.3297204375267029,"y":-0.1548316776752472,"z":0.05490013584494591,"w":-0.9297062754631043},"size":421.60302734375,"orthographic":false}